java_file,hse
/src/main/java/com/visualpathit/account/validator/UserValidator_validate_1.java,21706.774
/src/main/java/com/visualpathit/account/validator/UserValidator_supports_0.java,580.8
/src/main/java/com/visualpathit/account/service/ProducerServiceImpl_produceMessage_0.java,14695.306
/src/main/java/com/visualpathit/account/service/SecurityServiceImpl_findLoggedInUsername_0.java,1100.86
/src/main/java/com/visualpathit/account/service/ConsumerServiceImpl_consumerMessage_0.java,1581.234
/src/main/java/com/visualpathit/account/service/UserServiceImpl_getList_2.java,342.662
/src/main/java/com/visualpathit/account/service/UserDetailsServiceImpl_loadUserByUsername_0.java,3882.779
/src/main/java/com/visualpathit/account/service/UserServiceImpl_save_0.java,1456.748
/src/main/java/com/visualpathit/account/service/UserServiceImpl_findByUsername_1.java,319.718
/src/main/java/com/visualpathit/account/service/SecurityServiceImpl_autologin_1.java,3191.918
/src/main/java/com/visualpathit/account/model/Role_setUsers_5.java,628.214
/src/main/java/com/visualpathit/account/model/Role_setName_3.java,467.023
/src/main/java/com/visualpathit/account/model/Role_setId_1.java,467.023
/src/main/java/com/visualpathit/account/model/Role_getName_2.java,122.042
/src/main/java/com/visualpathit/account/model/Role_getId_0.java,122.042
/src/main/java/com/visualpathit/account/controller/UserController_welcome_4.java,225.853
/src/main/java/com/visualpathit/account/controller/UserController_login_3.java,5062.145
/src/main/java/com/visualpathit/account/controller/UserController_generateString_15.java,817.493
/src/main/java/com/visualpathit/account/controller/FileUploadController_upload_0.java,225.853
/src/main/java/com/visualpathit/account/controller/UserController_rabbitmqSetUp_14.java,1675.98
/src/main/java/com/visualpathit/account/controller/UserController_indexHome_5.java,225.853
/src/main/java/com/visualpathit/account/controller/UserController_registration_0.java,772.53
/src/main/java/com/visualpathit/account/beans/Components_setRabbitMqHost_9.java,467.023
/src/main/java/com/visualpathit/account/beans/Components_getRabbitMqPort_10.java,122.042
/src/main/java/com/visualpathit/account/beans/Components_getRabbitMqUser_12.java,122.042
/src/main/java/com/visualpathit/account/beans/Components_setActivePort_5.java,467.023
/src/main/java/com/visualpathit/account/beans/Components_setElasticsearchPort_19.java,467.023
/src/main/java/com/visualpathit/account/beans/Components_getActiveHost_0.java,122.042
/src/main/java/com/visualpathit/account/beans/Components_setRabbitMqPassword_15.java,467.023
/src/main/java/com/visualpathit/account/beans/Components_getRabbitMqPassword_14.java,122.042
/src/main/java/com/visualpathit/account/beans/Components_setActiveHost_4.java,467.023
/src/main/java/com/visualpathit/account/beans/Components_setElasticsearchCluster_21.java,467.023
/src/main/java/com/visualpathit/account/beans/Components_getElasticsearchCluster_20.java,122.042
/src/main/java/com/visualpathit/account/beans/Components_getStandByPort_3.java,122.042
/src/main/java/com/visualpathit/account/beans/Components_getRabbitMqHost_8.java,122.042
/src/main/java/com/visualpathit/account/beans/Components_getElasticsearchNode_22.java,122.042
/src/main/java/com/visualpathit/account/beans/Components_getStandByHost_2.java,122.042
/src/main/java/com/visualpathit/account/beans/Components_setRabbitMqPort_11.java,467.023
/src/main/java/com/visualpathit/account/beans/Components_setStandByHost_6.java,467.023
/src/main/java/com/visualpathit/account/beans/Components_getElasticsearchPort_18.java,122.042
/src/main/java/com/visualpathit/account/beans/Components_setElasticsearchHost_17.java,467.023
/src/main/java/com/visualpathit/account/beans/Components_setStandByPort_7.java,467.023
/src/main/java/com/visualpathit/account/beans/Components_setElasticsearchNode_23.java,467.023
/src/main/java/com/visualpathit/account/beans/Components_getActivePort_1.java,122.042
/src/main/java/com/visualpathit/account/beans/Components_getElasticsearchHost_16.java,122.042
/src/main/java/com/visualpathit/account/beans/Components_setRabbitMqUser_13.java,467.023
/src/main/java/com/visualpathit/account/utils/RabbitMqUtil_getRabbitMqHost_2.java,207.566
/src/main/java/com/visualpathit/account/utils/RabbitMqUtil_getRabbitMqUser_4.java,207.566
/src/main/java/com/visualpathit/account/utils/RabbitMqUtil_setComponents_1.java,430.196
/src/main/java/com/visualpathit/account/utils/ElasticsearchUtil_trannsportClient_1.java,9685.206
/src/main/java/com/visualpathit/account/utils/RabbitMqUtil_getRabbitMqPort_3.java,207.566
/src/main/java/com/visualpathit/account/utils/RabbitMqUtil_RabbitMqUtil_0.java,75.799
/src/main/java/com/visualpathit/account/utils/RabbitMqUtil_getRabbitMqPassword_5.java,207.566
