java_file,acoco,CAMC,CAMC-cvc,cc,coco,fout,hsd,hse,hsv,java,LCOM5,LCOM5-cvc,loc,midx,MMAC,MMAC-cvc,mncoco,mxcoco,NHD,NHD-cvc,nobl,nocl,SCOM,SCOM-cvc
/src/main/java/com/visualpathit/account/validator/UserValidator_validate_1.java,-,-,-,7,-,0,20.75,21706.774,1046.11,-,-,-,17,100,-,-,-,-,-,-,3,0,-,-
/src/main/java/com/visualpathit/account/validator/UserValidator_supports_0.java,-,-,-,1,-,0,6.6,580.8,88,-,-,-,3,100,-,-,-,-,-,-,0,0,-,-
/src/main/java/com/visualpathit/account/service/ProducerServiceImpl_produceMessage_0.java,-,-,-,2,-,0,11.767,14695.306,1248.811,-,-,-,24,100,-,-,-,-,-,-,0,6,-,-
/src/main/java/com/visualpathit/account/service/SecurityServiceImpl_findLoggedInUsername_0.java,-,-,-,2,-,0,6,1100.86,183.477,-,-,-,8,100,-,-,-,-,-,-,1,0,-,-
/src/main/java/com/visualpathit/account/service/ConsumerServiceImpl_consumerMessage_0.java,-,-,-,1,-,0,10,1581.234,158.123,-,-,-,4,100,-,-,-,-,-,-,0,0,-,-
/src/main/java/com/visualpathit/account/service/UserServiceImpl_getList_2.java,-,-,-,1,-,0,5,342.662,68.532,-,-,-,3,100,-,-,-,-,-,-,0,0,-,-
/src/main/java/com/visualpathit/account/service/UserDetailsServiceImpl_loadUserByUsername_0.java,-,-,-,2,-,0,8.667,3882.779,448.013,-,-,-,9,100,-,-,-,-,-,-,2,0,-,-
/src/main/java/com/visualpathit/account/service/UserServiceImpl_save_0.java,-,-,-,1,-,0,6.667,1456.748,218.512,-,-,-,5,100,-,-,-,-,-,-,0,0,-,-
/src/main/java/com/visualpathit/account/service/UserServiceImpl_findByUsername_1.java,-,-,-,1,-,0,4.8,319.718,66.608,-,-,-,3,100,-,-,-,-,-,-,0,0,-,-
/src/main/java/com/visualpathit/account/service/SecurityServiceImpl_autologin_1.java,-,-,-,2,-,0,7.857,3191.918,406.244,-,-,-,11,100,-,-,-,-,-,-,2,0,-,-
/src/main/java/com/visualpathit/account/model/Role_setUsers_5.java,-,-,-,1,-,0,9.167,628.214,68.532,-,-,-,3,100,-,-,-,-,-,-,0,0,-,-
/src/main/java/com/visualpathit/account/model/Role_setName_3.java,-,-,-,1,-,0,9,467.023,51.891,-,-,-,3,100,-,-,-,-,-,-,0,0,-,-
/src/main/java/com/visualpathit/account/model/Role_setId_1.java,-,-,-,1,-,0,9,467.023,51.891,-,-,-,3,100,-,-,-,-,-,-,0,0,-,-
/src/main/java/com/visualpathit/account/model/Role_getName_2.java,-,-,-,1,-,0,3.5,122.042,34.869,-,-,-,3,100,-,-,-,-,-,-,0,0,-,-
/src/main/java/com/visualpathit/account/model/Role_getId_0.java,-,-,-,1,-,0,3.5,122.042,34.869,-,-,-,3,100,-,-,-,-,-,-,0,0,-,-
/src/main/java/com/visualpathit/account/controller/UserController_welcome_4.java,-,-,-,1,-,0,4.2,225.853,53.774,-,-,-,3,100,-,-,-,-,-,-,0,0,-,-
/src/main/java/com/visualpathit/account/controller/UserController_login_3.java,-,-,-,3,-,0,13.5,5062.145,374.974,-,-,-,10,100,-,-,-,-,-,-,0,0,-,-
/src/main/java/com/visualpathit/account/controller/UserController_generateString_15.java,-,-,-,1,-,0,7.143,817.493,114.449,-,-,-,4,100,-,-,-,-,-,-,0,0,-,-
/src/main/java/com/visualpathit/account/controller/FileUploadController_upload_0.java,-,-,-,1,-,0,4.2,225.853,53.774,-,-,-,3,100,-,-,-,-,-,-,0,0,-,-
/src/main/java/com/visualpathit/account/controller/UserController_rabbitmqSetUp_14.java,-,-,-,2,-,0,7.615,1675.98,220.078,-,-,-,7,100,-,-,-,-,-,-,0,0,-,-
/src/main/java/com/visualpathit/account/controller/UserController_indexHome_5.java,-,-,-,1,-,0,4.2,225.853,53.774,-,-,-,3,100,-,-,-,-,-,-,0,0,-,-
/src/main/java/com/visualpathit/account/controller/UserController_registration_0.java,-,-,-,1,-,0,6.75,772.53,114.449,-,-,-,4,100,-,-,-,-,-,-,0,0,-,-
/src/main/java/com/visualpathit/account/beans/Components_setRabbitMqHost_9.java,-,-,-,1,-,0,9,467.023,51.891,-,-,-,3,100,-,-,-,-,-,-,0,0,-,-
/src/main/java/com/visualpathit/account/beans/Components_getRabbitMqPort_10.java,-,-,-,1,-,0,3.5,122.042,34.869,-,-,-,3,100,-,-,-,-,-,-,0,0,-,-
/src/main/java/com/visualpathit/account/beans/Components_getRabbitMqUser_12.java,-,-,-,1,-,0,3.5,122.042,34.869,-,-,-,3,100,-,-,-,-,-,-,0,0,-,-
/src/main/java/com/visualpathit/account/beans/Components_setActivePort_5.java,-,-,-,1,-,0,9,467.023,51.891,-,-,-,3,100,-,-,-,-,-,-,0,0,-,-
/src/main/java/com/visualpathit/account/beans/Components_setElasticsearchPort_19.java,-,-,-,1,-,0,9,467.023,51.891,-,-,-,3,100,-,-,-,-,-,-,0,0,-,-
/src/main/java/com/visualpathit/account/beans/Components_getActiveHost_0.java,-,-,-,1,-,0,3.5,122.042,34.869,-,-,-,3,100,-,-,-,-,-,-,0,0,-,-
/src/main/java/com/visualpathit/account/beans/Components_setRabbitMqPassword_15.java,-,-,-,1,-,0,9,467.023,51.891,-,-,-,3,100,-,-,-,-,-,-,0,0,-,-
/src/main/java/com/visualpathit/account/beans/Components_getRabbitMqPassword_14.java,-,-,-,1,-,0,3.5,122.042,34.869,-,-,-,3,100,-,-,-,-,-,-,0,0,-,-
/src/main/java/com/visualpathit/account/beans/Components_setActiveHost_4.java,-,-,-,1,-,0,9,467.023,51.891,-,-,-,3,100,-,-,-,-,-,-,0,0,-,-
/src/main/java/com/visualpathit/account/beans/Components_setElasticsearchCluster_21.java,-,-,-,1,-,0,9,467.023,51.891,-,-,-,3,100,-,-,-,-,-,-,0,0,-,-
/src/main/java/com/visualpathit/account/beans/Components_getElasticsearchCluster_20.java,-,-,-,1,-,0,3.5,122.042,34.869,-,-,-,3,100,-,-,-,-,-,-,0,0,-,-
/src/main/java/com/visualpathit/account/beans/Components_getStandByPort_3.java,-,-,-,1,-,0,3.5,122.042,34.869,-,-,-,3,100,-,-,-,-,-,-,0,0,-,-
/src/main/java/com/visualpathit/account/beans/Components_getRabbitMqHost_8.java,-,-,-,1,-,0,3.5,122.042,34.869,-,-,-,3,100,-,-,-,-,-,-,0,0,-,-
/src/main/java/com/visualpathit/account/beans/Components_getElasticsearchNode_22.java,-,-,-,1,-,0,3.5,122.042,34.869,-,-,-,3,100,-,-,-,-,-,-,0,0,-,-
/src/main/java/com/visualpathit/account/beans/Components_getStandByHost_2.java,-,-,-,1,-,0,3.5,122.042,34.869,-,-,-,3,100,-,-,-,-,-,-,0,0,-,-
/src/main/java/com/visualpathit/account/beans/Components_setRabbitMqPort_11.java,-,-,-,1,-,0,9,467.023,51.891,-,-,-,3,100,-,-,-,-,-,-,0,0,-,-
/src/main/java/com/visualpathit/account/beans/Components_setStandByHost_6.java,-,-,-,1,-,0,9,467.023,51.891,-,-,-,3,100,-,-,-,-,-,-,0,0,-,-
/src/main/java/com/visualpathit/account/beans/Components_getElasticsearchPort_18.java,-,-,-,1,-,0,3.5,122.042,34.869,-,-,-,3,100,-,-,-,-,-,-,0,0,-,-
/src/main/java/com/visualpathit/account/beans/Components_setElasticsearchHost_17.java,-,-,-,1,-,0,9,467.023,51.891,-,-,-,3,100,-,-,-,-,-,-,0,0,-,-
/src/main/java/com/visualpathit/account/beans/Components_setStandByPort_7.java,-,-,-,1,-,0,9,467.023,51.891,-,-,-,3,100,-,-,-,-,-,-,0,0,-,-
/src/main/java/com/visualpathit/account/beans/Components_setElasticsearchNode_23.java,-,-,-,1,-,0,9,467.023,51.891,-,-,-,3,100,-,-,-,-,-,-,0,0,-,-
/src/main/java/com/visualpathit/account/beans/Components_getActivePort_1.java,-,-,-,1,-,0,3.5,122.042,34.869,-,-,-,3,100,-,-,-,-,-,-,0,0,-,-
/src/main/java/com/visualpathit/account/beans/Components_getElasticsearchHost_16.java,-,-,-,1,-,0,3.5,122.042,34.869,-,-,-,3,100,-,-,-,-,-,-,0,0,-,-
/src/main/java/com/visualpathit/account/beans/Components_setRabbitMqUser_13.java,-,-,-,1,-,0,9,467.023,51.891,-,-,-,3,100,-,-,-,-,-,-,0,0,-,-
/src/main/java/com/visualpathit/account/utils/RabbitMqUtil_getRabbitMqHost_2.java,-,-,-,1,-,0,4,207.566,51.891,-,-,-,1,100,-,-,-,-,-,-,0,0,-,-
/src/main/java/com/visualpathit/account/utils/RabbitMqUtil_getRabbitMqUser_4.java,-,-,-,1,-,0,4,207.566,51.891,-,-,-,1,100,-,-,-,-,-,-,0,0,-,-
/src/main/java/com/visualpathit/account/utils/RabbitMqUtil_setComponents_1.java,-,-,-,1,-,0,7.5,430.196,57.359,-,-,-,3,100,-,-,-,-,-,-,0,0,-,-
/src/main/java/com/visualpathit/account/utils/ElasticsearchUtil_trannsportClient_1.java,-,-,-,2,-,0,11.162,9685.206,867.713,-,-,-,24,100,-,-,-,-,-,-,2,0,-,-
/src/main/java/com/visualpathit/account/utils/RabbitMqUtil_getRabbitMqPort_3.java,-,-,-,1,-,0,4,207.566,51.891,-,-,-,3,100,-,-,-,-,-,-,0,0,-,-
/src/main/java/com/visualpathit/account/utils/RabbitMqUtil_RabbitMqUtil_0.java,-,-,-,1,-,0,3,75.799,25.266,-,-,-,1,100,-,-,-,-,-,-,0,0,-,-
/src/main/java/com/visualpathit/account/utils/RabbitMqUtil_getRabbitMqPassword_5.java,-,-,-,1,-,0,4,207.566,51.891,-,-,-,3,100,-,-,-,-,-,-,0,0,-,-
